article_id,article_idx
0111586001,1
0111593001,2
0123173001,3
0148033001,4
0153115019,5
0153115020,6
0156231001,7
0158340001,8
0160442007,9
0160442010,10
0160442043,11
0179208001,12
0179950001,13
0186262001,14
0189616001,15
0189626001,16
0212629048,17
0214844001,18
0214844002,19
0220094019,20
0220094020,21
0228257001,22
0237347045,23
0237347059,24
0237347063,25
0240561001,26
0253448001,27
0253448002,28
0253448003,29
0266875001,30
0266875006,31
0278811006,32
0278811009,33
0278811011,34
0294008002,35
0294008005,36
0297067002,37
0301227002,38
0301656026,39
0305931001,40
0307239004,41
0307239005,42
0349301001,43
0351484002,44
0351484039,45
0372860001,46
0372860002,47
0372860024,48
0372860068,49
0372860069,50
0372860072,51
0373506001,52
0373506004,53
0373506008,54
0396135007,55
0399061008,56
0399061028,57
0399061032,58
0399136061,59
0399201042,60
0399223001,61
0399256001,62
0399256005,63
0399256023,64
0408875001,65
0408875018,66
0408875021,67
0408875023,68
0408875030,69
0429313006,70
0436261001,71
0448509001,72
0448509014,73
0448509018,74
0448509031,75
0448509035,76
0456163060,77
0456163083,78
0456163085,79
0456163086,80
0456163087,81
0464297007,82
0464297031,83
0464908039,84
0470789001,85
0470789019,86
0470789030,87
0470789031,88
0470985003,89
0473954008,90
0473954013,91
0473954014,92
0473954015,93
0479167001,94
0486639003,95
0486639012,96
0488561026,97
0490176004,98
0492897001,99
0492897002,100
0505882002,101
0505882006,102
0506098006,103
0506098007,104
0506098016,105
0507909001,106
0509091026,107
0516000090,108
0516859008,109
0519583045,110
0519930001,111
0523488001,112
0523489001,113
0523490003,114
0524529001,115
0524529004,116
0524529010,117
0524529013,118
0534164001,119
0536139006,120
0536139067,121
0536139068,122
0536139071,123
0542402001,124
0542464001,125
0547780001,126
0547780002,127
0547780003,128
0547780040,129
0552716001,130
0554450001,131
0554450004,132
0554450027,133
0554450036,134
0554477005,135
0554477037,136
0554479001,137
0554598001,138
0554598003,139
0554598047,140
0554598062,141
0554598065,142
0554598066,143
0554598067,144
0554598070,145
0554598071,146
0554598077,147
0554598080,148
0554598081,149
0554598083,150
0554598086,151
0556255001,152
0556260002,153
0556260004,154
0556539001,155
0556539003,156
0556539010,157
0556539011,158
0556539016,159
0556539027,160
0556539033,161
0556539034,162
0557599022,163
0557599023,164
0557994003,165
0557994014,166
0559601010,167
0559601019,168
0559601021,169
0559616002,170
0559616013,171
0559616017,172
0559616020,173
0559630026,174
0559630027,175
0559630029,176
0559633020,177
0559633023,178
0562245018,179
0562245046,180
0562245050,181
0562245088,182
0562245097,183
0562245099,184
0562245100,185
0562245102,186
0562245103,187
0562245104,188
0562613018,189
0564309022,190
0566140001,191
0566140035,192
0568597006,193
0568597007,194
0568597023,195
0568601006,196
0568601007,197
0568601023,198
0568601030,199
0568601043,200
0568601044,201
0568808001,202
0570002001,203
0570002002,204
0570003001,205
0570003002,206
0570004009,207
0570004010,208
0570004105,209
0570004108,210
0570004119,211
0570004120,212
0570319001,213
0571706001,214
0571706010,215
0571706012,216
0572797001,217
0572797002,218
0572797048,219
0572957023,220
0572998001,221
0572998007,222
0572998009,223
0572998013,224
0573085028,225
0573085042,226
0573085043,227
0573085047,228
0573937001,229
0574109011,230
0574109039,231
0575347003,232
0575347014,233
0578476001,234
0579541001,235
0579541072,236
0579541075,237
0579541076,238
0579541086,239
0579541089,240
0580684001,241
0585480001,242
0585480002,243
0589017003,244
0589599033,245
0589722008,246
0590928001,247
0590928022,248
0590928023,249
0590928025,250
0594987024,251
0595696005,252
0595696031,253
0597891002,254
0598515031,255
0598755001,256
0598755002,257
0599580012,258
0599580014,259
0599580038,260
0599580042,261
0599580044,262
0599580046,263
0599580047,264
0599580052,265
0599580055,266
0599580061,267
0599580067,268
0599580068,269
0599580072,270
0599580074,271
0599580076,272
0599580083,273
0599580086,274
0599718001,275
0599718002,276
0599718009,277
0599718043,278
0599719001,279
0599719004,280
0599719056,281
0600886001,282
0600886011,283
0600886022,284
0608007001,285
0608776002,286
0608945008,287
0608945019,288
0610776001,289
0610776002,290
0610776068,291
0610776071,292
0610776072,293
0610776073,294
0610776074,295
0610776082,296
0610776083,297
0610776087,298
0610776093,299
0610776103,300
0610776105,301
0610776106,302
0610776107,303
0611415001,304
0611415034,305
0611415035,306
0611415038,307
0612800009,308
0612800020,309
0614854005,310
0614854014,311
0614854016,312
0616849012,313
0616920001,314
0616920002,315
0618287009,316
0618287014,317
0621381001,318
0621381012,319
0621381014,320
0621381016,321
0624257001,322
0624486001,323
0624486003,324
0624486061,325
0624486064,326
0624486069,327
0624486076,328
0629746002,329
0629758005,330
0630994004,331
0631536026,332
0631536027,333
0633152012,334
0634541003,335
0636207006,336
0636323001,337
0636323002,338
0639448001,339
0639448011,340
0640021011,341
0640021012,342
0640021018,343
0640021019,344
0640021023,345
0640542002,346
0642498010,347
0643588007,348
0646490020,349
0653188002,350
0655784001,351
0656048001,352
0656763001,353
0658030011,354
0658030017,355
0658030020,356
0658298001,357
0658298007,358
0658298008,359
0659854018,360
0664074001,361
0664074007,362
0664074039,363
0664074059,364
0664074061,365
0664074072,366
0664074078,367
0664074079,368
0664405002,369
0665481011,370
0665481012,371
0667096006,372
0669091001,373
0673396002,374
0673396015,375
0673677002,376
0673677022,377
0673677023,378
0674606025,379
0674606026,380
0674606051,381
0677930023,382
0677930031,383
0677930037,384
0677930066,385
0677930077,386
0677930086,387
0677999012,388
0678342028,389
0678942001,390
0678942032,391
0678942036,392
0678942054,393
0678942055,394
0678942057,395
0678942058,396
0679284001,397
0679854001,398
0680391002,399
0681180003,400
0681181001,401
0682236001,402
0682550002,403
0683001020,404
0684209004,405
0684209012,406
0684209013,407
0684209019,408
0684209025,409
0684209027,410
0684209032,411
0684824006,412
0685602005,413
0685811001,414
0685813001,415
0685813002,416
0685813003,417
0685813018,418
0685813037,419
0685813039,420
0685813040,421
0685813042,422
0685813043,423
0685814001,424
0685814003,425
0685814005,426
0685814022,427
0685814033,428
0685814048,429
0685814061,430
0685814062,431
0685814063,432
0685814065,433
0685816001,434
0685816002,435
0685816004,436
0685816017,437
0685816024,438
0685816037,439
0685816046,440
0685816049,441
0685816054,442
0687034022,443
0687034023,444
0687635004,445
0687635019,446
0687704001,447
0687704022,448
0687704039,449
0688105002,450
0688105007,451
0688105012,452
0688105013,453
0688537004,454
0688537010,455
0688537011,456
0688537021,457
0688537026,458
0688537029,459
0688558001,460
0688728022,461
0688728023,462
0689047004,463
0690936002,464
0690936003,465
0690936013,466
0690936021,467
0690936023,468
0690936026,469
0691855012,470
0691855013,471
0693497001,472
0694848008,473
0694848010,474
0695632001,475
0695632002,476
0695632107,477
0697564006,478
0697564010,479
0697564042,480
0697564045,481
0697564046,482
0697564061,483
0698276004,484
0698276007,485
0698276009,486
0698283001,487
0698286004,488
0698286007,489
0698387022,490
0699080001,491
0699081001,492
0699598004,493
0700701001,494
0700701002,495
0700701003,496
0700701006,497
0700758001,498
0700758016,499
0700758017,500
0700765001,501
0700765009,502
0701046002,503
0701472004,504
0704126009,505
0704754001,506
0706016001,507
0706016002,508
0706016003,509
0706016004,510
0706016006,511
0706016015,512
0706016019,513
0706016036,514
0706016038,515
0706016062,516
0707100003,517
0707135012,518
0707135017,519
0707269003,520
0707269004,521
0707269007,522
0708138026,523
0710278004,524
0711053003,525
0711053005,526
0711053007,527
0711053009,528
0711053026,529
0711053027,530
0711053036,531
0711649004,532
0712216001,533
0712924012,534
0712924016,535
0713199006,536
0713253003,537
0714620005,538
0714790008,539
0714790017,540
0714790020,541
0714790021,542
0714790024,543
0714790028,544
0714803007,545
0714803008,546
0715343003,547
0715343007,548
0715624001,549
0715624002,550
0715624010,551
0715624012,552
0715624013,553
0715624050,554
0715624051,555
0715624052,556
0715624053,557
0715828013,558
0716672001,559
0716672003,560
0716672014,561
0716672018,562
0716672019,563
0716947009,564
0717251001,565
0717370001,566
0717464001,567
0717464002,568
0717490008,569
0717490010,570
0717490057,571
0717490058,572
0717490059,573
0717490060,574
0717490064,575
0717490070,576
0717490071,577
0717490075,578
0717490081,579
0717578001,580
0717580001,581
0717727011,582
0717727014,583
0717773001,584
0718278001,585
0718278002,586
0718278004,587
0719530003,588
0719655001,589
0719655014,590
0719655019,591
0719957006,592
0720125001,593
0720125007,594
0720125039,595
0720125040,596
0720125041,597
0720125042,598
0720125043,599
0720504001,600
0720504007,601
0720504008,602
0720504010,603
0721990004,604
0721990006,605
0722803003,606
0723078004,607
0723349003,608
0723469001,609
0723469002,610
0723469018,611
0723529001,612
0724906006,613
0724906007,614
0724906019,615
0725663002,616
0726226002,617
0728156001,618
0728156006,619
0728156018,620
0728156023,621
0728156024,622
0728156025,623
0729860002,624
0729928001,625
0729928025,626
0730013002,627
0730683001,628
0730683019,629
0730683021,630
0730683036,631
0730683050,632
0730683052,633
0730683054,634
0730683062,635
0730863005,636
0732429003,637
0732842001,638
0732842002,639
0732842021,640
0733067001,641
0733067004,642
0733097001,643
0733097008,644
0733097009,645
0733097010,646
0733749001,647
0733749010,648
0733803001,649
0734435005,650
0736049001,651
0736530007,652
0736681002,653
0736783001,654
0736783004,655
0736870001,656
0736870020,657
0736923003,658
0736923009,659
0736923010,660
0736923011,661
0737040007,662
0737221008,663
0737221010,664
0738567003,665
0739144004,666
0739362001,667
0739363001,668
0739364001,669
0739590022,670
0739590024,671
0739590027,672
0739590031,673
0739590032,674
0739590033,675
0739590038,676
0739819010,677
0740519002,678
0740922001,679
0741040001,680
0741356002,681
0741356008,682
0741356009,683
0742947001,684
0743098001,685
0743098002,686
0743616001,687
0743616009,688
0743633001,689
0745232001,690
0745232002,691
0746069006,692
0746330004,693
0746994013,694
0748355002,695
0748355003,696
0748355012,697
0748566027,698
0748582001,699
0749615009,700
0749615012,701
0749699001,702
0749699002,703
0749699026,704
0749699027,705
0749974001,706
0750422018,707
0750422039,708
0750424016,709
0750519002,710
0751342006,711
0751471001,712
0751471021,713
0751471022,714
0751471026,715
0751471037,716
0751471038,717
0751471039,718
0751471041,719
0751471042,720
0751471043,721
0751592001,722
0751664001,723
0751936001,724
0751994003,725
0751994007,726
0752514003,727
0752657001,728
0752689002,729
0752689003,730
0752814003,731
0753737001,732
0753737015,733
0753778008,734
0754238019,735
0754238023,736
0754238024,737
0754404004,738
0754792004,739
0756318001,740
0756318007,741
0756320026,742
0756320030,743
0756322001,744
0756322006,745
0757303012,746
0757303014,747
0757303018,748
0757303021,749
0757671007,750
0757805002,751
0757805013,752
0757828001,753
0757903024,754
0757915002,755
0757971001,756
0757971003,757
0757995007,758
0757995009,759
0758034001,760
0758034015,761
0759326008,762
0759465001,763
0759469001,764
0759482001,765
0759814009,766
0759814011,767
0759814022,768
0759814035,769
0759871002,770
0759871003,771
0759871004,772
0759871011,773
0759871013,774
0759871025,775
0759871030,776
0759871034,777
0759871037,778
0760084003,779
0760084006,780
0760084013,781
0760295001,782
0761406001,783
0761418004,784
0761619001,785
0762143001,786
0762143002,787
0762143009,788
0762188002,789
0762600009,790
0762656001,791
0762656002,792
0762796013,793
0762846001,794
0762846006,795
0762846007,796
0762846008,797
0762846026,798
0762846027,799
0762846029,800
0762846031,801
0763275001,802
0763469002,803
0763842007,804
0763842008,805
0763988001,806
0763988004,807
0764280001,808
0764280002,809
0764280005,810
0764280006,811
0764488006,812
0765773004,813
0765773007,814
0766346003,815
0766346004,816
0766346008,817
0766346011,818
0766435011,819
0766495013,820
0767032001,821
0767032002,822
0767032005,823
0767032006,824
0767377005,825
0767377006,826
0767423001,827
0767423011,828
0767423013,829
0767605001,830
0767605014,831
0767605015,832
0767799003,833
0767799016,834
0767834002,835
0767862001,836
0768847001,837
0768912001,838
0768912005,839
0768921001,840
0768931002,841
0769748002,842
0769748013,843
0769748014,844
0770315005,845
0770315006,846
0770315007,847
0770315008,848
0770315009,849
0770315015,850
0770315017,851
0770315026,852
0770336001,853
0771605001,854
0772773001,855
0772773002,856
0772902001,857
0772902010,858
0775310002,859
0775382001,860
0776179001,861
0776237006,862
0776237008,863
0776237011,864
0776237014,865
0776237015,866
0776237020,867
0776237021,868
0776237026,869
0776237027,870
0776237029,871
0776237030,872
0776237031,873
0776237034,874
0778062001,875
0778064001,876
0778064003,877
0778064028,878
0778064038,879
0778064041,880
0778534004,881
0778534006,882
0778534007,883
0778534008,884
0779551011,885
0779554002,886
0779725006,887
0779781005,888
0779781006,889
0779781013,890
0780297001,891
0780297002,892
0780297013,893
0780297015,894
0781135006,895
0781135008,896
0781613001,897
0781613006,898
0781613013,899
0781613016,900
0781758001,901
0781758003,902
0781833008,903
0782734003,904
0783346001,905
0783346016,906
0783346017,907
0783346018,908
0783346020,909
0783346021,910
0783346023,911
0783346030,912
0783346032,913
0784001002,914
0784001005,915
0784053005,916
0784926001,917
0785018003,918
0785034008,919
0785034009,920
0785515002,921
0786187001,922
0786187002,923
0786187005,924
0786304001,925
0786304009,926
0787946002,927
0788261004,928
0788575002,929
0788575004,930
0789147006,931
0790368006,932
0790791008,933
0791587001,934
0791587007,935
0791587009,936
0791587010,937
0791587015,938
0791587018,939
0792469001,940
0794321007,941
0794321011,942
0794389001,943
0794389004,944
0794454002,945
0794468001,946
0794468003,947
0794575001,948
0794575002,949
0794575017,950
0795975003,951
0796210001,952
0796210010,953
0796210012,954
0796454005,955
0797078010,956
0797078018,957
0797710001,958
0797835008,959
0797835009,960
0797835014,961
0797892001,962
0797988001,963
0797988002,964
0797988005,965
0798773001,966
0799365001,967
0799365002,968
0799365004,969
0799365011,970
0799365015,971
0799365027,972
0799409001,973
0799409003,974
0799410003,975
0800245001,976
0800245002,977
0800245003,978
0800389001,979
0800691007,980
0800691008,981
0800691009,982
0800691013,983
0800691016,984
0800691026,985
0800691031,986
0801447001,987
0801452001,988
0801452003,989
0801512004,990
0801673001,991
0801673014,992
0802529001,993
0802979001,994
0802980001,995
0803250001,996
0803468002,997
0803685001,998
0803757001,999
0803757004,1000
0803757005,1001
0803757012,1002
0803757014,1003
0803757015,1004
0803757019,1005
0803757023,1006
0803772002,1007
0803892001,1008
0803969003,1009
0803969009,1010
0804992001,1011
0804992013,1012
0804992014,1013
0804992016,1014
0804992017,1015
0804992021,1016
0804992033,1017
0804992034,1018
0804996002,1019
0804996003,1020
0804996006,1021
0805000001,1022
0805000007,1023
0805000010,1024
0805011002,1025
0805011011,1026
0805011013,1027
0805011019,1028
0805308002,1029
0805510026,1030
0805510033,1031
0805947001,1032
0805947003,1033
0805947006,1034
0806131001,1035
0806131002,1036
0806131003,1037
0806131004,1038
0806131012,1039
0806225002,1040
0806225008,1041
0806241007,1042
0806241008,1043
0806241009,1044
0806388001,1045
0806388002,1046
0806388003,1047
0806388004,1048
0806388005,1049
0806388009,1050
0806388012,1051
0806388017,1052
0806388018,1053
0806388028,1054
0806528004,1055
0806528009,1056
0806529001,1057
0806534002,1058
0806605001,1059
0806778001,1060
0807174001,1061
0807241032,1062
0807244005,1063
0808023001,1064
0808025001,1065
0808028001,1066
0808028006,1067
0808028008,1068
0808029001,1069
0808552011,1070
0808569001,1071
0808628002,1072
0808663001,1073
0808684002,1074
0808685001,1075
0808698001,1076
0808698004,1077
0808699003,1078
0808840005,1079
0809238001,1080
0809238005,1081
0809549001,1082
0809575001,1083
0809883001,1084
0809961002,1085
0809961003,1086
0809961007,1087
0810169002,1088
0810169017,1089
0810169018,1090
0810170016,1091
0810172003,1092
0810419009,1093
0810557001,1094
0810557002,1095
0810557003,1096
0810557006,1097
0810557010,1098
0810838010,1099
0810838011,1100
0811291018,1101
0811333001,1102
0811333003,1103
0811333004,1104
0811368001,1105
0811398005,1106
0811398006,1107
0811398007,1108
0811398008,1109
0811471004,1110
0811500001,1111
0811500002,1112
0811525001,1113
0811715001,1114
0811783001,1115
0811783002,1116
0811835001,1117
0811835002,1118
0811835003,1119
0811835004,1120
0811835005,1121
0811835006,1122
0811835009,1123
0811887001,1124
0811899002,1125
0811899003,1126
0811900002,1127
0811907001,1128
0811907003,1129
0811907004,1130
0811907005,1131
0811907006,1132
0811907007,1133
0811907011,1134
0811925001,1135
0811925002,1136
0811925004,1137
0811925005,1138
0811925009,1139
0811927001,1140
0811927002,1141
0811927004,1142
0811927007,1143
0812207002,1144
0812207003,1145
0812271001,1146
0812271003,1147
0812271004,1148
0812363005,1149
0812364012,1150
0812364013,1151
0812658001,1152
0812658002,1153
0812668001,1154
0812668002,1155
0813538002,1156
0814833005,1157
0815434001,1158
0815434005,1159
0815471001,1160
0815808001,1161
0815851001,1162
0816166001,1163
0816166002,1164
0816166003,1165
0816166004,1166
0816166005,1167
0816166008,1168
0816166011,1169
0816241006,1170
0816423001,1171
0816423002,1172
0816423003,1173
0816423004,1174
0816423005,1175
0816521002,1176
0816521004,1177
0816521005,1178
0816563001,1179
0816563002,1180
0816563003,1181
0816563004,1182
0816563005,1183
0816563006,1184
0816563009,1185
0816588001,1186
0816591001,1187
0816591003,1188
0816591010,1189
0816832001,1190
0816841004,1191
0816841006,1192
0816938002,1193
0816938004,1194
0816938006,1195
0816953001,1196
0816953002,1197
0816953004,1198
0817053001,1199
0817069001,1200
0817069002,1201
0817110001,1202
0817110005,1203
0817166001,1204
0817166003,1205
0817353002,1206
0817353003,1207
0817353006,1208
0817353007,1209
0817353008,1210
0817353009,1211
0817354001,1212
0817358001,1213
0817361002,1214
0817361006,1215
0817361007,1216
0817361008,1217
0817401001,1218
0817401002,1219
0817401003,1220
0817401004,1221
0817416001,1222
0817416002,1223
0817416004,1224
0817417002,1225
0817417005,1226
0817472002,1227
0817472003,1228
0817472004,1229
0817472005,1230
0817477001,1231
0817477002,1232
0817477003,1233
0817477005,1234
0817491004,1235
0817491006,1236
0817777001,1237
0817834002,1238
0818024001,1239
0818030001,1240
0818030002,1241
0818031001,1242
0818031002,1243
0818031003,1244
0818031004,1245
0818032001,1246
0818036001,1247
0818036003,1248
0818059003,1249
0818403001,1250
0818754001,1251
0818754004,1252
0818754007,1253
0818779002,1254
0818779003,1255
0819113001,1256
0819520001,1257
0819520002,1258
0820484001,1259
0820484002,1260
0820484003,1261
0820484007,1262
0820572001,1263
0820572005,1264
0820866002,1265
0820960002,1266
0821140001,1267
0821163003,1268
0821163008,1269
0821163010,1270
0821336001,1271
0821336002,1272
0821336003,1273
0821336004,1274
0821336005,1275
0821395005,1276
0821395014,1277
0821397007,1278
0821398001,1279
0821398002,1280
0821513001,1281
0821513005,1282
0821746001,1283
0822115004,1284
0822203005,1285
0822237002,1286
0822311001,1287
0822311009,1288
0822311011,1289
0822344001,1290
0822344008,1291
0822344012,1292
0822355001,1293
0822946001,1294
0822959001,1295
0823118001,1296
0823118002,1297
0823118004,1298
0823165001,1299
0823168002,1300
0823168003,1301
0823168006,1302
0823168008,1303
0823436002,1304
0823505001,1305
0823505002,1306
0823518001,1307
0823791013,1308
0824118001,1309
0824194002,1310
0824337001,1311
0824340002,1312
0824340005,1313
0824352001,1314
0824490001,1315
0824499006,1316
0824526001,1317
0824752001,1318
0824764001,1319
0824764003,1320
0824764005,1321
0824764012,1322
0824764013,1323
0824813001,1324
0824995001,1325
0824997001,1326
0825318008,1327
0825577003,1328
0825585001,1329
0825585007,1330
0825585008,1331
0825600001,1332
0825600002,1333
0825720001,1334
0825720003,1335
0825720004,1336
0825720008,1337
0825771001,1338
0825771006,1339
0825811001,1340
0826150003,1341
0826164016,1342
0826203002,1343
0826205001,1344
0826205002,1345
0826252001,1346
0826508002,1347
0826508003,1348
0826508005,1349
0826508007,1350
0826508010,1351
0826508011,1352
0826646001,1353
0826949001,1354
0826949004,1355
0827083001,1356
0827359003,1357
0827370002,1358
0827411001,1359
0827411006,1360
0827500004,1361
0827635001,1362
0827635002,1363
0827687001,1364
0827687002,1365
0827687003,1366
0827907001,1367
0827968001,1368
0827968002,1369
0827968003,1370
0827968004,1371
0827968016,1372
0827968021,1373
0828067001,1374
0828067003,1375
0828295001,1376
0828295008,1377
0828912004,1378
0828934001,1379
0828982001,1380
0828991003,1381
0829008002,1382
0829054005,1383
0829145007,1384
0829145009,1385
0829152002,1386
0829302003,1387
0829308001,1388
0829618004,1389
0829618006,1390
0829643001,1391
0829643003,1392
0830581003,1393
0830919001,1394
0830953002,1395
0831269001,1396
0831273001,1397
0831273003,1398
0831282001,1399
0831282004,1400
0831282007,1401
0831302001,1402
0831430003,1403
0831431001,1404
0831547001,1405
0831777004,1406
0831809001,1407
0832036001,1408
0832036002,1409
0832036003,1410
0832084002,1411
0832114002,1412
0832114005,1413
0832253001,1414
0832253002,1415
0832253003,1416
0832282004,1417
0832284001,1418
0832298002,1419
0832298006,1420
0832307003,1421
0832307007,1422
0832309005,1423
0832309007,1424
0832311003,1425
0832312001,1426
0832320001,1427
0832330001,1428
0832330002,1429
0832330003,1430
0832330004,1431
0832331001,1432
0832331003,1433
0832331004,1434
0832359001,1435
0832359002,1436
0832359003,1437
0832361001,1438
0832361002,1439
0832361006,1440
0832362001,1441
0832362002,1442
0832453001,1443
0832453002,1444
0832453003,1445
0832453005,1446
0832453007,1447
0832458001,1448
0832458002,1449
0832465001,1450
0832465002,1451
0832465008,1452
0832473001,1453
0832473003,1454
0832473004,1455
0832473005,1456
0832475001,1457
0832475002,1458
0832479003,1459
0832481001,1460
0832481002,1461
0832481003,1462
0832481005,1463
0832482001,1464
0832482002,1465
0832482004,1466
0832520002,1467
0832527002,1468
0832884001,1469
0832884002,1470
0832884006,1471
0832884008,1472
0833499002,1473
0833499003,1474
0833499005,1475
0833500001,1476
0833500002,1477
0833530002,1478
0833530003,1479
0833530005,1480
0834063001,1481
0834217004,1482
0834217009,1483
0834258001,1484
0834258003,1485
0834412007,1486
0834412010,1487
0834906012,1488
0834906013,1489
0834906017,1490
0834906018,1491
0835008009,1492
0835008011,1493
0835348001,1494
0835348006,1495
0835348010,1496
0835348011,1497
0835563002,1498
0835563006,1499
0835563007,1500
0835851001,1501
0836130006,1502
0836142003,1503
0836142004,1504
0836551001,1505
0836699001,1506
0837249001,1507
0837278001,1508
0837278002,1509
0837283001,1510
0837306001,1511
0837306006,1512
0837351002,1513
0837941001,1514
0837981001,1515
0838055001,1516
0838321001,1517
0838340001,1518
0838640001,1519
0838769001,1520
0838900002,1521
0838900003,1522
0839311003,1523
0839332001,1524
0839332002,1525
0839402001,1526
0839402002,1527
0839496002,1528
0839496003,1529
0839496004,1530
0839899002,1531
0840351001,1532
0840360002,1533
0840607001,1534
0840607007,1535
0840607010,1536
0840947002,1537
0841173002,1538
0841173004,1539
0841260010,1540
0841260011,1541
0841260015,1542
0841260027,1543
0841260029,1544
0841298001,1545
0841298004,1546
0841383002,1547
0841383003,1548
0841434001,1549
0841434003,1550
0841473001,1551
0841473002,1552
0841699002,1553
0841699003,1554
0841699008,1555
0841793002,1556
0841793003,1557
0842000001,1558
0842000003,1559
0842000008,1560
0842004003,1561
0842004005,1562
0842028004,1563
0842062003,1564
0842112001,1565
0842112005,1566
0842605001,1567
0842605014,1568
0842605015,1569
0842607001,1570
0842607004,1571
0842724003,1572
0842727001,1573
0843362004,1574
0843373001,1575
0843373003,1576
0843380004,1577
0843687005,1578
0843777001,1579
0843777002,1580
0843777005,1581
0843793001,1582
0843793004,1583
0843872003,1584
0843872005,1585
0843872006,1586
0843873006,1587
0843873007,1588
0843940001,1589
0844294001,1590
0844294002,1591
0844409001,1592
0844409002,1593
0844409003,1594
0844411002,1595
0845032001,1596
0845032002,1597
0845032003,1598
0845241001,1599
0845301003,1600
0845576001,1601
0845576002,1602
0845699001,1603
0845729002,1604
0845790001,1605
0845790002,1606
0845790003,1607
0845790006,1608
0845790007,1609
0846139003,1610
0846753002,1611
0847673001,1612
0847673005,1613
0848082001,1614
0848460002,1615
0848681003,1616
0849257001,1617
0849440002,1618
0849738002,1619
0849738003,1620
0849868002,1621
0849886002,1622
0849886010,1623
0849886012,1624
0850176002,1625
0850176003,1626
0850241006,1627
0850244001,1628
0850244002,1629
0850244003,1630
0850244005,1631
0850249002,1632
0850249003,1633
0850251001,1634
0850251002,1635
0850259001,1636
0850259002,1637
0850259004,1638
0850277001,1639
0850277004,1640
0850587004,1641
0850917001,1642
0850917003,1643
0850984001,1644
0850984002,1645
0850984004,1646
0851010006,1647
0851010007,1648
0851010008,1649
0851010009,1650
0851094001,1651
0851094002,1652
0851094007,1653
0851094009,1654
0851110001,1655
0851110002,1656
0851110003,1657
0851167001,1658
0851317001,1659
0851317003,1660
0851374001,1661
0851400001,1662
0851400007,1663
0851400015,1664
0851400017,1665
0851400020,1666
0851608002,1667
0851774001,1668
0851774008,1669
0851778002,1670
0851780001,1671
0851780002,1672
0851780003,1673
0852174001,1674
0852174003,1675
0852219001,1676
0852219003,1677
0852300002,1678
0852369005,1679
0852369006,1680
0852374013,1681
0852374015,1682
0852420001,1683
0852498001,1684
0852541001,1685
0852577002,1686
0852584001,1687
0852584002,1688
0852584006,1689
0852585002,1690
0852666001,1691
0852746001,1692
0852746004,1693
0852775002,1694
0852940004,1695
0853239001,1696
0853474005,1697
0853504001,1698
0853612001,1699
0853839001,1700
0853881001,1701
0853881002,1702
0854043001,1703
0854043005,1704
0854043006,1705
0854193001,1706
0854193002,1707
0854193003,1708
0854193004,1709
0854247002,1710
0854261001,1711
0854279001,1712
0854338006,1713
0854338008,1714
0854338009,1715
0854356006,1716
0854384001,1717
0854602001,1718
0854619002,1719
0854619003,1720
0854663002,1721
0854683003,1722
0854687004,1723
0854726001,1724
0854758001,1725
0854786001,1726
0854826001,1727
0854830001,1728
0854830002,1729
0855080001,1730
0855080002,1731
0855080004,1732
0855080005,1733
0855080008,1734
0855080009,1735
0855080011,1736
0855081003,1737
0855081004,1738
0855198005,1739
0855239001,1740
0855507001,1741
0855706001,1742
0855706002,1743
0855706003,1744
0855706004,1745
0855748001,1746
0855748002,1747
0855769001,1748
0855793001,1749
0855793002,1750
0855793005,1751
0855862001,1752
0855893001,1753
0856060003,1754
0856270002,1755
0856270003,1756
0856310001,1757
0856310002,1758
0856310003,1759
0856310006,1760
0856440002,1761
0856808001,1762
0856840001,1763
0856840004,1764
0856848001,1765
0856848002,1766
0856949001,1767
0857097001,1768
0857163001,1769
0857163002,1770
0857276001,1771
0857279001,1772
0857427004,1773
0857571001,1774
0857572001,1775
0857574002,1776
0857621001,1777
0857621002,1778
0857778011,1779
0857812002,1780
0857812003,1781
0857812004,1782
0857812006,1783
0857812007,1784
0857812010,1785
0857924010,1786
0858052001,1787
0858052005,1788
0858052006,1789
0858052007,1790
0858052008,1791
0858147001,1792
0858161001,1793
0858161002,1794
0858172001,1795
0858172002,1796
0858313001,1797
0858640003,1798
0858692004,1799
0858883001,1800
0859077005,1801
0859077013,1802
0859077015,1803
0859077016,1804
0859077018,1805
0859081001,1806
0859081002,1807
0859105002,1808
0859105003,1809
0859105004,1810
0859105005,1811
0859105006,1812
0859105007,1813
0859105008,1814
0859105009,1815
0859125001,1816
0859125005,1817
0859136002,1818
0859136003,1819
0859136005,1820
0859139002,1821
0859139003,1822
0859153001,1823
0859186001,1824
0859205001,1825
0859208005,1826
0859208006,1827
0859208007,1828
0859399001,1829
0859399006,1830
0859400006,1831
0859400007,1832
0859424001,1833
0859424004,1834
0859736001,1835
0859736002,1836
0859737001,1837
0859737002,1838
0859737003,1839
0859737004,1840
0859743002,1841
0859743003,1842
0859808001,1843
0859808002,1844
0859942001,1845
0860264002,1846
0860285001,1847
0860322001,1848
0860322002,1849
0860322003,1850
0860322004,1851
0860336002,1852
0860336003,1853
0860489002,1854
0860525003,1855
0860525006,1856
0860525007,1857
0860525009,1858
0860705002,1859
0860797001,1860
0860797002,1861
0860797003,1862
0860819001,1863
0860820001,1864
0860822001,1865
0860833002,1866
0860949001,1867
0860949002,1868
0860949003,1869
0861121001,1870
0861173001,1871
0861409002,1872
0861410003,1873
0861442001,1874
0861442003,1875
0861443001,1876
0861469001,1877
0861469002,1878
0861471001,1879
0861477001,1880
0861477003,1881
0861478002,1882
0861478003,1883
0861514001,1884
0861514004,1885
0861558002,1886
0861558003,1887
0861600001,1888
0861600003,1889
0861608003,1890
0861731001,1891
0861731002,1892
0861767001,1893
0861767002,1894
0861803001,1895
0861803009,1896
0861803014,1897
0861847004,1898
0861848002,1899
0862109001,1900
0862167001,1901
0862167002,1902
0862167004,1903
0862167006,1904
0862325002,1905
0862340001,1906
0862340002,1907
0862482003,1908
0862482007,1909
0862482009,1910
0862821001,1911
0862970001,1912
0863001001,1913
0863001002,1914
0863067001,1915
0863067003,1916
0863163002,1917
0863456002,1918
0863477001,1919
0863477006,1920
0863515004,1921
0863565001,1922
0863570003,1923
0863583001,1924
0863583002,1925
0863587001,1926
0863587002,1927
0863595001,1928
0863595002,1929
0863595004,1930
0863595005,1931
0863595006,1932
0863646001,1933
0863646002,1934
0863646003,1935
0863646004,1936
0863646005,1937
0863665004,1938
0863937003,1939
0863937010,1940
0863980001,1941
0863980002,1942
0864040001,1943
0864216001,1944
0864216003,1945
0864224005,1946
0864339003,1947
0864415001,1948
0864415002,1949
0864415003,1950
0864415005,1951
0864498001,1952
0864509002,1953
0864509003,1954
0864513006,1955
0864562001,1956
0864928001,1957
0864928002,1958
0864928003,1959
0864928007,1960
0864953001,1961
0865071001,1962
0865072005,1963
0865073001,1964
0865073002,1965
0865073005,1966
0865076001,1967
0865076002,1968
0865076003,1969
0865086006,1970
0865171001,1971
0865171002,1972
0865440001,1973
0865458001,1974
0865468001,1975
0865490001,1976
0865490002,1977
0865503001,1978
0865520001,1979
0865520002,1980
0865520003,1981
0865532001,1982
0865558001,1983
0865587001,1984
0865594002,1985
0865594003,1986
0865595002,1987
0865595003,1988
0865624002,1989
0865678001,1990
0865699001,1991
0865799002,1992
0865799005,1993
0865799006,1994
0865873001,1995
0865873002,1996
0865880001,1997
0865888001,1998
0865888002,1999
0865917001,2000
0865917002,2001
0865921001,2002
0865921002,2003
0865926001,2004
0865926002,2005
0865929002,2006
0865929003,2007
0865929007,2008
0865929014,2009
0865943001,2010
0865943002,2011
0865943003,2012
0866251001,2013
0866260001,2014
0866260002,2015
0866261001,2016
0866261002,2017
0866383001,2018
0866383006,2019
0866383008,2020
0866387011,2021
0866610001,2022
0866714001,2023
0866714014,2024
0866714017,2025
0866731001,2026
0866731002,2027
0866731003,2028
0867023001,2029
0867044001,2030
0867044002,2031
0867044004,2032
0867365001,2033
0867579001,2034
0867948001,2035
0867966002,2036
0867966003,2037
0867966009,2038
0867966010,2039
0867969002,2040
0867969003,2041
0867969008,2042
0868005001,2043
0868005003,2044
0868018001,2045
0868018002,2046
0868018003,2047
0868054001,2048
0868060005,2049
0868064002,2050
0868161001,2051
0868161002,2052
0868164002,2053
0868195004,2054
0868213002,2055
0868213011,2056
0868213012,2057
0868283001,2058
0868283004,2059
0868392003,2060
0868405004,2061
0868410002,2062
0868641002,2063
0868680001,2064
0868680002,2065
0868751001,2066
0868751002,2067
0868823007,2068
0868823008,2069
0868874002,2070
0868874006,2071
0868876001,2072
0868876002,2073
0868879003,2074
0868879004,2075
0869086001,2076
0869331002,2077
0869331006,2078
0869379001,2079
0869379007,2080
0869379008,2081
0869379011,2082
0869397001,2083
0869442001,2084
0869473001,2085
0869473003,2086
0869663001,2087
0869691001,2088
0869706001,2089
0869811001,2090
0869811003,2091
0869976001,2092
0870290001,2093
0870304002,2094
0870328001,2095
0870328002,2096
0870328003,2097
0870345002,2098
0870434001,2099
0870442004,2100
0870442005,2101
0870611002,2102
0870611003,2103
0870776002,2104
0870970001,2105
0870970002,2106
0870970003,2107
0870970004,2108
0871243001,2109
0871243002,2110
0871243003,2111
0871311001,2112
0871311002,2113
0871376002,2114
0871477003,2115
0871517008,2116
0871517013,2117
0871517014,2118
0871527002,2119
0871527003,2120
0871542001,2121
0871542002,2122
0871581001,2123
0871581002,2124
0871638001,2125
0871655001,2126
0871707001,2127
0871710001,2128
0871710010,2129
0871710012,2130
0871992001,2131
0871992002,2132
0871997001,2133
0871997002,2134
0872000002,2135
0872000004,2136
0872000005,2137
0872002001,2138
0872013001,2139
0872085001,2140
0872177001,2141
0872233001,2142
0872233003,2143
0872261002,2144
0872278001,2145
0872378001,2146
0872378002,2147
0872378003,2148
0872378006,2149
0872527002,2150
0872537001,2151
0872537002,2152
0872537004,2153
0872537006,2154
0872618001,2155
0872618002,2156
0872713001,2157
0872920001,2158
0873072001,2159
0873072002,2160
0873158008,2161
0873217001,2162
0873217003,2163
0873217004,2164
0873274002,2165
0873276001,2166
0873276003,2167
0873276004,2168
0873279001,2169
0873279003,2170
0873279004,2171
0873279006,2172
0873538001,2173
0873564003,2174
0873564005,2175
0873604004,2176
0873678003,2177
0873678007,2178
0873679002,2179
0873679005,2180
0873771001,2181
0873771002,2182
0873884005,2183
0873884006,2184
0873895001,2185
0873924002,2186
0873977002,2187
0874035010,2188
0874064001,2189
0874078003,2190
0874110001,2191
0874110002,2192
0874113002,2193
0874113004,2194
0874113005,2195
0874113010,2196
0874114002,2197
0874116005,2198
0874116015,2199
0874122001,2200
0874122003,2201
0874122013,2202
0874122024,2203
0874264001,2204
0874465001,2205
0874546001,2206
0874546003,2207
0874669001,2208
0874704002,2209
0874754001,2210
0874754002,2211
0874754004,2212
0874816001,2213
0874816003,2214
0874819001,2215
0874819002,2216
0874891001,2217
0874891002,2218
0874891003,2219
0874891006,2220
0874952002,2221
0875040001,2222
0875239001,2223
0875239002,2224
0875239004,2225
0875287001,2226
0875329001,2227
0875329002,2228
0875329004,2229
0875329009,2230
0875350001,2231
0875350002,2232
0875350003,2233
0875451001,2234
0875451002,2235
0875451003,2236
0875469002,2237
0875469004,2238
0875577001,2239
0875635001,2240
0875672001,2241
0875856001,2242
0876021001,2243
0876043001,2244
0876053003,2245
0876053005,2246
0876147001,2247
0876276001,2248
0876770001,2249
0876770007,2250
0877014001,2251
0877014005,2252
0877014007,2253
0877075001,2254
0877222005,2255
0877261003,2256
0877268002,2257
0877268004,2258
0877268005,2259
0877273001,2260
0877273002,2261
0877274003,2262
0877277001,2263
0877277002,2264
0877278002,2265
0877369001,2266
0877462001,2267
0877643001,2268
0877769001,2269
0877961007,2270
0878013001,2271
0878013003,2272
0878097001,2273
0878097002,2274
0878190004,2275
0878190005,2276
0878293001,2277
0878353001,2278
0878456001,2279
0878456002,2280
0878502001,2281
0878510002,2282
0878510003,2283
0878510004,2284
0878629001,2285
0878629002,2286
0878629003,2287
0878629004,2288
0878733001,2289
0878733002,2290
0878794001,2291
0878794002,2292
0878828001,2293
0878918001,2294
0879088001,2295
0879088002,2296
0879096001,2297
0879132003,2298
0879176002,2299
0879242005,2300
0879242006,2301
0879248001,2302
0879248004,2303
0879248008,2304
0879287001,2305
0879287002,2306
0879436003,2307
0879605001,2308
0879781001,2309
0879781002,2310
0879781003,2311
0879781004,2312
0879944002,2313
0879965001,2314
0879965002,2315
0879996001,2316
0879999001,2317
0880001001,2318
0880008001,2319
0880008002,2320
0880099001,2321
0880099002,2322
0880186001,2323
0880186003,2324
0880195001,2325
0880195002,2326
0880238002,2327
0880238006,2328
0880278002,2329
0880358003,2330
0880481001,2331
0880657001,2332
0880749002,2333
0880792001,2334
0880839001,2335
0881031001,2336
0881111001,2337
0881111008,2338
0881203003,2339
0881244001,2340
0881577002,2341
0881691001,2342
0881691002,2343
0881691003,2344
0881823004,2345
0881833002,2346
0881916001,2347
0881916002,2348
0881942001,2349
0881947001,2350
0882146003,2351
0882203002,2352
0882336002,2353
0882418002,2354
0882418005,2355
0882651001,2356
0882747001,2357
0882757003,2358
0882759003,2359
0882760001,2360
0882760003,2361
0882760005,2362
0882810003,2363
0882882002,2364
0882882005,2365
0882882006,2366
0882882015,2367
0882888002,2368
0882899003,2369
0882900007,2370
0882902001,2371
0883024001,2372
0883026001,2373
0883026002,2374
0883033001,2375
0883033002,2376
0883068001,2377
0883068004,2378
0883307001,2379
0883307004,2380
0883684001,2381
0883686001,2382
0883719001,2383
0883730001,2384
0883886001,2385
0883936001,2386
0884081001,2387
0884174001,2388
0884174002,2389
0884174003,2390
0884187001,2391
0884319001,2392
0884319002,2393
0884319003,2394
0884319005,2395
0884319006,2396
0884319008,2397
0884405001,2398
0884405002,2399
0884851001,2400
0884920002,2401
0884920003,2402
0885239002,2403
0885543003,2404
0885617002,2405
0885624001,2406
0885624002,2407
0885710001,2408
0885710002,2409
0885710003,2410
0885951001,2411
0885951002,2412
0885951003,2413
0886225001,2414
0886241001,2415
0886241003,2416
0886390001,2417
0886557002,2418
0886569004,2419
0886737001,2420
0886754001,2421
0887593001,2422
0887653002,2423
0887659010,2424
0887681001,2425
0887681002,2426
0887681003,2427
0887770001,2428
0887770002,2429
0887770003,2430
0887770004,2431
0887770005,2432
0887830002,2433
0887904003,2434
0887911001,2435
0887911002,2436
0887937001,2437
0888026001,2438
0888026003,2439
0888229005,2440
0888229007,2441
0888294001,2442
0888331008,2443
0888343003,2444
0888346001,2445
0888346003,2446
0888416001,2447
0888484001,2448
0888570001,2449
0888727009,2450
0889000002,2451
0889010003,2452
0889370001,2453
0889379003,2454
0889379006,2455
0889379010,2456
0889416002,2457
0889456001,2458
0889460001,2459
0889460003,2460
0889496001,2461
0889550002,2462
0889621001,2463
0889652001,2464
0889661001,2465
0889664001,2466
0889669001,2467
0889713001,2468
0889753001,2469
0889753008,2470
0889828001,2471
0889828004,2472
0889870001,2473
0890021001,2474
0890450001,2475
0890453001,2476
0890458001,2477
0890511001,2478
0890511003,2479
0890585001,2480
0890585002,2481
0890683001,2482
0890683002,2483
0891322004,2484
0891542001,2485
0891542003,2486
0891579001,2487
0891591001,2488
0891591002,2489
0891591003,2490
0891591007,2491
0891630001,2492
0891663002,2493
0891886001,2494
0891898001,2495
0892051004,2496
0892280002,2497
0892309001,2498
0892309002,2499
0892318001,2500
0892378003,2501
0892408007,2502
0892408008,2503
0892408009,2504
0892421009,2505
0892541001,2506
0892558001,2507
0892558004,2508
0892624001,2509
0892624003,2510
0892791004,2511
0892850001,2512
0892850002,2513
0892910001,2514
0892937002,2515
0892937003,2516
0892970003,2517
0893050001,2518
0893050002,2519
0893059003,2520
0893059004,2521
0893059005,2522
0893064002,2523
0893133001,2524
0893141001,2525
0893141002,2526
0893351001,2527
0893432002,2528
0893730001,2529
0893798001,2530
0893994001,2531
0894135001,2532
0894139004,2533
0894139005,2534
0894139006,2535
0894139007,2536
0894140003,2537
0894140004,2538
0894140005,2539
0894140006,2540
0894320001,2541
0894353001,2542
0894353002,2543
0894471001,2544
0894481001,2545
0894481002,2546
0894651003,2547
0894668002,2548
0894668003,2549
0894668004,2550
0894668005,2551
0894756001,2552
0894756002,2553
0894756003,2554
0894756004,2555
0894780001,2556
0894788001,2557
0894956001,2558
0894956006,2559
0895002002,2560
0895002004,2561
0895418002,2562
0895421001,2563
0895487001,2564
0895506001,2565
0895506002,2566
0895506003,2567
0895555001,2568
0895582002,2569
0895582003,2570
0895582014,2571
0895610001,2572
0895610005,2573
0895730001,2574
0895804005,2575
0895804006,2576
0895804007,2577
0895837002,2578
0895993001,2579
0895993002,2580
0895993003,2581
0896064001,2582
0896064002,2583
0896064004,2584
0896152001,2585
0896152002,2586
0896152003,2587
0896161001,2588
0896161002,2589
0896169002,2590
0896169005,2591
0896229001,2592
0896319001,2593
0896343002,2594
0896506001,2595
0896527002,2596
0896559001,2597
0896559002,2598
0896837001,2599
0896848001,2600
0896851001,2601
0897221001,2602
0897270001,2603
0897270002,2604
0897270004,2605
0897304001,2606
0897319001,2607
0897423001,2608
0897423002,2609
0897684001,2610
0897684002,2611
0897687001,2612
0897693001,2613
0897693002,2614
0897693003,2615
0897738001,2616
0897901001,2617
0897901002,2618
0898075001,2619
0898075002,2620
0898075003,2621
0898107003,2622
0898226001,2623
0898226002,2624
0898439001,2625
0898573003,2626
0898596002,2627
0898596007,2628
0898649001,2629
0898692003,2630
0898692006,2631
0898694001,2632
0898694002,2633
0898713001,2634
0898860002,2635
0898886001,2636
0898889001,2637
0898918001,2638
0898918002,2639
0898931001,2640
0899002001,2641
0899002002,2642
0899002003,2643
0899122001,2644
0899247005,2645
0899749001,2646
0899749003,2647
0900043001,2648
0900176001,2649
0900235003,2650
0900279001,2651
0900659001,2652
0900659002,2653
0900659003,2654
0901330002,2655
0901433001,2656
0901607001,2657
0901607003,2658
0901638001,2659
0901648001,2660
0901924004,2661
0901955001,2662
0901955002,2663
0902023001,2664
0902023002,2665
0902107001,2666
0902161004,2667
0902161005,2668
0902161006,2669
0902163001,2670
0902288001,2671
0902388001,2672
0902407003,2673
0902419001,2674
0902518001,2675
0902518003,2676
0902518007,2677
0902802002,2678
0902992001,2679
0903004003,2680
0903049003,2681
0903049004,2682
0903058001,2683
0903062001,2684
0903218001,2685
0903306001,2686
0903309001,2687
0903333001,2688
0903359001,2689
0903473001,2690
0903590001,2691
0903647001,2692
0903773001,2693
0903910001,2694
0903926001,2695
0903926002,2696
0903951002,2697
0903960001,2698
0904201002,2699
0904230003,2700
0904416001,2701
0904416002,2702
0904422001,2703
0904545002,2704
0904567001,2705
0904567002,2706
0904584007,2707
0904584008,2708
0904584009,2709
0904625001,2710
0904734001,2711
0904820001,2712
0904820002,2713
0904820004,2714
0905122001,2715
0905365001,2716
0905365002,2717
0905365006,2718
0905507003,2719
0905518001,2720
0905518002,2721
0905803002,2722
0905811001,2723
0905811002,2724
0905811003,2725
0905914002,2726
0905916001,2727
0905945001,2728
0905957001,2729
0905957007,2730
0906169002,2731
0906226001,2732
0906226002,2733
0906271001,2734
0906293002,2735
0906296001,2736
0906305001,2737
0906305002,2738
0906352001,2739
0906393002,2740
0906635001,2741
0906635002,2742
0906635003,2743
0906645009,2744
0906729001,2745
0906729003,2746
0906741001,2747
0906741002,2748
0906794001,2749
0906794003,2750
0906822001,2751
0906822002,2752
0907188001,2753
0907409001,2754
0907527001,2755
0907696001,2756
0907696002,2757
0907696004,2758
0907696006,2759
0907702002,2760
0908081003,2761
0908081004,2762
0908230001,2763
0908384001,2764
0908491005,2765
0908587001,2766
0908729001,2767
0908799002,2768
0909014001,2769
0909059002,2770
0909081002,2771
0909093003,2772
0909185001,2773
0909320002,2774
0909370001,2775
0909371001,2776
0909588006,2777
0909721002,2778
0909734001,2779
0909869004,2780
0909911001,2781
0909912001,2782
0909916001,2783
0909920001,2784
0909921001,2785
0909924001,2786
0909924002,2787
0909924004,2788
0909925004,2789
0910132001,2790
0910132002,2791
0910227001,2792
0910601001,2793
0910601002,2794
0910601003,2795
0910654001,2796
0910701002,2797
0910824001,2798
0911108002,2799
0911214001,2800
0911570001,2801
0911870001,2802
0911870002,2803
0911870003,2804
0911870004,2805
0911950001,2806
0912088001,2807
0912095003,2808
0912095007,2809
0912100001,2810
0912100003,2811
0912204001,2812
0912418001,2813
0913030001,2814
0913340001,2815
0913340002,2816
0913341002,2817
0913688001,2818
0913688003,2819
0913754002,2820
0913754003,2821
0913817001,2822
0913954002,2823
0914319001,2824
0914319002,2825
0914404001,2826
0914404002,2827
0914441001,2828
0914441002,2829
0914441003,2830
0914441004,2831
0914441005,2832
0914441006,2833
0914441007,2834
0914453001,2835
0914537001,2836
0914537002,2837
0914805002,2838
0915292001,2839
0915292002,2840
0915453001,2841
0915453002,2842
0915487001,2843
0915523001,2844
0915526001,2845
0915526002,2846
0915529001,2847
0915529003,2848
0915529005,2849
0915611004,2850
0915921002,2851
0916235002,2852
0916256001,2853
0916468001,2854
0916468002,2855
0916468003,2856
0916598001,2857
0917434002,2858
0917434004,2859
0917606001,2860
0917606004,2861
0918149001,2862
0918171001,2863
0918292001,2864
0918292004,2865
0918292011,2866
0918474001,2867
0918516001,2868
0918517001,2869
0918522001,2870
0918525001,2871
0918547001,2872
0918547002,2873
0918591001,2874
0918591002,2875
0918597001,2876
0918655002,2877
0918835001,2878
0918836001,2879
0918892001,2880
0918894001,2881
0918894002,2882
0919037002,2883
0919248002,2884
0919273001,2885
0919273002,2886
0919365008,2887
0919499007,2888
0919499010,2889
0919599001,2890
0919741001,2891
0919786001,2892
0919786002,2893
0919986001,2894
0920012001,2895
0920283001,2896
0920529001,2897
0920610001,2898
0920610002,2899
0920610005,2900
0920752001,2901
0920753001,2902
0920829003,2903
0921073001,2904
0921090003,2905
0921090004,2906
0921096003,2907
0921226001,2908
0921226002,2909
0921226004,2910
0921226007,2911
0921266001,2912
0921266007,2913
0921298001,2914
0921378001,2915
0921380001,2916
0921571001,2917
0921748002,2918
0921906001,2919
0921906002,2920
0921906003,2921
0921918001,2922
0922381001,2923
0923037001,2924
0923037003,2925
0923134001,2926
0923134003,2927
0923134004,2928
0923134005,2929
0923340001,2930
0923361001,2931
0923361002,2932
0923460001,2933
0923466001,2934
0923466002,2935
0923569002,2936
0923569006,2937
0923758001,2938
0924040001,2939
0924243001,2940
0924243002,2941
0924250001,2942
0924453003,2943
0924605001,2944
0925246001,2945
0925290006,2946
0925404001,2947
0925916003,2948
0926166001,2949
0926500001,2950
0926502001,2951
0926921001,2952
0927491001,2953
0927530004,2954
0927751001,2955
0927865001,2956
0927922001,2957
0927922002,2958
0927957001,2959
0928040002,2960
0928088001,2961
0928157002,2962
0928206001,2963
0928907001,2964
0928995001,2965
0929165002,2966
0929275001,2967
0929744001,2968
0930380001,2969
0931437001,2970
0931769003,2971
0932243002,2972
0932798001,2973
0933032001,2974
0933032002,2975
0933706001,2976
0933838001,2977
0933838002,2978
0933889001,2979
0933891001,2980
0933989001,2981
0934835001,2982
0935541001,2983
0935689001,2984
0935840001,2985
0935858001,2986
0935892001,2987
0936282001,2988
0936610001,2989
0936622001,2990
0936862001,2991
0937466001,2992
0937466002,2993
0938182001,2994
0938804001,2995
0941005001,2996
0941005005,2997
0942187001,2998
0944506001,2999
0946748003,3000
